[
	{
	"href" : "http://mp.weixin.qq.com/s?__biz=MzAxMzQ4OTg5OQ==&mid=2663868254&idx=2&sn=f15b6a455efda36b48f15206d6a1c797&scene=4#wechat_redirect",
	"src"  : "./images/image0.png",
	"title": "DNA编程，基因改造像编程一样简单？"
	},
	{
	"href" : "http://mp.weixin.qq.com/s?__biz=MzAxMzQ4OTg5OQ==&mid=2663868254&idx=2&sn=f15b6a455efda36b48f15206d6a1c797&scene=4#wechat_redirectt",
	"src"  : "./images/image0.png",
	"title": "DNA编程，基因改造像编程一样简单？"
	},
	{
	"href" : "http://mp.weixin.qq.com/s?__biz=MzAxMzQ4OTg5OQ==&mid=2663868254&idx=2&sn=f15b6a455efda36b48f15206d6a1c797&scene=4#wechat_redirect",
	"src"  : "./images/image0.png",
	"title": "DNA编程，基因改造像编程一样简单？"
	},
	{
	"href" : "http://mp.weixin.qq.com/s?__biz=MzAxMzQ4OTg5OQ==&mid=2663868254&idx=2&sn=f15b6a455efda36b48f15206d6a1c797&scene=4#wechat_redirect",
	"src"  : "./images/image0.png",
	"title": "DNA编程，基因改造像编程一样简单？"
	},
	{
	"href" : "http://mp.weixin.qq.com/s?__biz=MzAxMzQ4OTg5OQ==&mid=2663868254&idx=2&sn=f15b6a455efda36b48f15206d6a1c797&scene=4#wechat_redirect",
	"src"  : "./images/image0.png",
	"title": "DNA编程，基因改造像编程一样简单？"
	},
	{
	"href" : "http://mp.weixin.qq.com/s?__biz=MzAxMzQ4OTg5OQ==&mid=2663868254&idx=2&sn=f15b6a455efda36b48f15206d6a1c797&scene=4#wechat_redirect",
	"src"  : "./images/image0.png",
	"title": "DNA编程，基因改造像编程一样简单？"
	},
	{
	"href" : "http://mp.weixin.qq.com/s?__biz=MzAxMzQ4OTg5OQ==&mid=2663868254&idx=2&sn=f15b6a455efda36b48f15206d6a1c797&scene=4#wechat_redirect",
	"src"  : "./images/image0.png",
	"title": "DNA编程，基因改造像编程一样简单？"
	},{
	"href" : "http://mp.weixin.qq.com/s?__biz=MzAxMzQ4OTg5OQ==&mid=2663868254&idx=2&sn=f15b6a455efda36b48f15206d6a1c797&scene=4#wechat_redirect",
	"src"  : "./images/image0.png",
	"title": "DNA编程，基因改造像编程一样简单？"
	}
]

