[
	{
	"href" : "http://mp.weixin.qq.com/s?__biz=MzAxMzQ4OTg5OQ==&mid=2663868254&idx=2&sn=f15b6a455efda36b48f15206d6a1c797&scene=4#wechat_redirect",
	"src"  : "./images/image2.png",
	"title": "人工智能的未来，奇点何时到来？"
	},
	{
	"href" : "http://mp.weixin.qq.com/s?__biz=MzAxMzQ4OTg5OQ==&mid=2663868254&idx=2&sn=f15b6a455efda36b48f15206d6a1c797&scene=4#wechat_redirectt",
	"src"  : "./images/image2.png",
	"title": "人工智能的未来，奇点何时到来？"
	},
	{
	"href" : "http://mp.weixin.qq.com/s?__biz=MzAxMzQ4OTg5OQ==&mid=2663868254&idx=2&sn=f15b6a455efda36b48f15206d6a1c797&scene=4#wechat_redirect",
	"src"  : "./images/image2.png",
	"title": "人工智能的未来，奇点何时到来？"
	},
	{
	"href" : "http://mp.weixin.qq.com/s?__biz=MzAxMzQ4OTg5OQ==&mid=2663868254&idx=2&sn=f15b6a455efda36b48f15206d6a1c797&scene=4#wechat_redirect",
	"src"  : "./images/image2.png",
	"title": "人工智能的未来，奇点何时到来？"
	},
	{
	"href" : "http://mp.weixin.qq.com/s?__biz=MzAxMzQ4OTg5OQ==&mid=2663868254&idx=2&sn=f15b6a455efda36b48f15206d6a1c797&scene=4#wechat_redirect",
	"src"  : "./images/image2.png",
	"title": "人工智能的未来，奇点何时到来？"
	},
	{
	"href" : "http://mp.weixin.qq.com/s?__biz=MzAxMzQ4OTg5OQ==&mid=2663868254&idx=2&sn=f15b6a455efda36b48f15206d6a1c797&scene=4#wechat_redirect",
	"src"  : "./images/image2.png",
	"title": "人工智能的未来，奇点何时到来？"
	},
	{
	"href" : "http://mp.weixin.qq.com/s?__biz=MzAxMzQ4OTg5OQ==&mid=2663868254&idx=2&sn=f15b6a455efda36b48f15206d6a1c797&scene=4#wechat_redirect",
	"src"  : "./images/image2.png",
	"title": "人工智能的未来，奇点何时到来？"
	},{
	"href" : "http://mp.weixin.qq.com/s?__biz=MzAxMzQ4OTg5OQ==&mid=2663868254&idx=2&sn=f15b6a455efda36b48f15206d6a1c797&scene=4#wechat_redirect",
	"src"  : "./images/image2.png",
	"title": "人工智能的未来，奇点何时到来？"
	}
]
