[
	{
	"href" : "http://mp.weixin.qq.com/s?__biz=MzAxMzQ4OTg5OQ==&mid=2663868241&idx=2&sn=b38d9db1c71a983d57bb94abf307044a&scene=4#wechat_redirect",
	"src"  : "./images/image1.png",
	"title": "VR&AR变革和颠覆未来"
	},
	{
	"href" : "http://mp.weixin.qq.com/s?__biz=MzAxMzQ4OTg5OQ==&mid=2663868241&idx=2&sn=b38d9db1c71a983d57bb94abf307044a&scene=4#wechat_redirect",
	"src"  : "./images/image1.png",
	"title": "VR&AR变革和颠覆未来"
	},
	{
	"href" : "http://mp.weixin.qq.com/s?__biz=MzAxMzQ4OTg5OQ==&mid=2663868241&idx=2&sn=b38d9db1c71a983d57bb94abf307044a&scene=4#wechat_redirect",
	"src"  : "./images/image1.png",
	"title": "VR&AR变革和颠覆未来"
	},
	{
	"href" : "http://mp.weixin.qq.com/s?__biz=MzAxMzQ4OTg5OQ==&mid=2663868241&idx=2&sn=b38d9db1c71a983d57bb94abf307044a&scene=4#wechat_redirect",
	"src"  : "./images/image1.png",
	"title": "VR&AR变革和颠覆未来"
	},
	{
	"href" : "http://mp.weixin.qq.com/s?__biz=MzAxMzQ4OTg5OQ==&mid=2663868241&idx=2&sn=b38d9db1c71a983d57bb94abf307044a&scene=4#wechat_redirect",
	"src"  : "./images/image1.png",
	"title": "VR&AR变革和颠覆未来"
	},
	{
	"href" : "http://mp.weixin.qq.com/s?__biz=MzAxMzQ4OTg5OQ==&mid=2663868241&idx=2&sn=b38d9db1c71a983d57bb94abf307044a&scene=4#wechat_redirect",
	"src"  : "./images/image1.png",
	"title": "VR&AR变革和颠覆未来"
	},
	{
	"href" : "http://mp.weixin.qq.com/s?__biz=MzAxMzQ4OTg5OQ==&mid=2663868241&idx=2&sn=b38d9db1c71a983d57bb94abf307044a&scene=4#wechat_redirect",
	"src"  : "./images/image1.png",
	"title": "VR&AR变革和颠覆未来"
	},{
	"href" : "http://mp.weixin.qq.com/s?__biz=MzAxMzQ4OTg5OQ==&mid=2663868241&idx=2&sn=b38d9db1c71a983d57bb94abf307044a&scene=4#wechat_redirect",
	"src"  : "./images/image1.png",
	"title": "VR&AR变革和颠覆未来"
	}
]

