[
	{
	"href" : "http://mp.weixin.qq.com/s?__biz=MzAxMzQ4OTg5OQ==&mid=2663868230&idx=1&sn=2730ed7279a13c6a686f1d1ed92fbaf8&scene=4#wechat_redirect",
	"src"  : "./images/image3.png",
	"title": "每部手机都是超级计算机？"
	},
	{
	"href" : "http://mp.weixin.qq.com/s?__biz=MzAxMzQ4OTg5OQ==&mid=2663868230&idx=1&sn=2730ed7279a13c6a686f1d1ed92fbaf8&scene=4#wechat_redirect",
	"src"  : "./images/image3.png",
	"title": "每部手机都是超级计算机？"
	},
	{
	"href" : "http://mp.weixin.qq.com/s?__biz=MzAxMzQ4OTg5OQ==&mid=2663868230&idx=1&sn=2730ed7279a13c6a686f1d1ed92fbaf8&scene=4#wechat_redirect",
	"src"  : "./images/image3.png",
	"title": "每部手机都是超级计算机？"
	},
	{
	"href" : "http://mp.weixin.qq.com/s?__biz=MzAxMzQ4OTg5OQ==&mid=2663868230&idx=1&sn=2730ed7279a13c6a686f1d1ed92fbaf8&scene=4#wechat_redirect",
	"src"  : "./images/image3.png",
	"title": "每部手机都是超级计算机？"
	},
	{
	"href" : "http://mp.weixin.qq.com/s?__biz=MzAxMzQ4OTg5OQ==&mid=2663868230&idx=1&sn=2730ed7279a13c6a686f1d1ed92fbaf8&scene=4#wechat_redirect",
	"src"  : "./images/image3.png",
	"title": "每部手机都是超级计算机？"
	},
	{
	"href" : "http://mp.weixin.qq.com/s?__biz=MzAxMzQ4OTg5OQ==&mid=2663868230&idx=1&sn=2730ed7279a13c6a686f1d1ed92fbaf8&scene=4#wechat_redirect",
	"src"  : "./images/image3.png",
	"title": "每部手机都是超级计算机？"
	},
	{
	"href" : "http://mp.weixin.qq.com/s?__biz=MzAxMzQ4OTg5OQ==&mid=2663868230&idx=1&sn=2730ed7279a13c6a686f1d1ed92fbaf8&scene=4#wechat_redirect",
	"src"  : "./images/image3.png",
	"title": "每部手机都是超级计算机？"
	},{
	"href" : "http://mp.weixin.qq.com/s?__biz=MzAxMzQ4OTg5OQ==&mid=2663868230&idx=1&sn=2730ed7279a13c6a686f1d1ed92fbaf8&scene=4#wechat_redirect",
	"src"  : "./images/image3.png",
	"title": "每部手机都是超级计算机？"
	}
]

