[
    {
        "url": "http://172.17.4.147/wechat_chaosuan/articleShow.php?time=1476164959",
        "bgimage": "http://ww3.sinaimg.cn/mw690/0069vjO6gw1f8h7ojo31qj30hs0hs75k.jpg",
        "datetime": "2017-09-09T09:39:19.230Z",
        "itemprop": "datePublished",
        "date": "2017-09-09",
        "title": "Hello World"
    },
    {
        "url": "http://172.17.4.147/wechat_chaosuan/articleShow.php?time=1476164959",
        "bgimage": "http://ww3.sinaimg.cn/mw690/0069vjO6gw1f8h7ojo31qj30hs0hs75k.jpg",
        "datetime": "2017-09-09T09:39:19.230Z",
        "itemprop": "datePublished",
        "date": "2017-09-09",
        "title": "Hello World"
    },
    {
        "url": "http://172.17.4.147/wechat_chaosuan/articleShow.php?time=1476164959",
        "bgimage": "http://ww3.sinaimg.cn/mw690/0069vjO6gw1f8h7ojo31qj30hs0hs75k.jpg",
        "datetime": "2017-09-09T09:39:19.230Z",
        "itemprop": "datePublished",
        "date": "2017-09-09",
        "title": "Hello World"
    }
]