[
    {
        "url": "http://172.17.4.147/wechat_chaosuan/articleShow.php?time=1476164959",
        "bgimage": "http://ww4.sinaimg.cn/mw690/ac593e95gw1f8issny9crj20k00k0gnh.jpg",
        "datetime": "2017-09-09T09:39:19.230Z",
        "itemprop": "datePublished",
        "date": "2017-09-09",
        "title": "Hello World"
    },
    {
        "url": "http://172.17.4.147/wechat_chaosuan/articleShow.php?time=1476164959",
        "bgimage": "http://ww4.sinaimg.cn/mw690/ac593e95gw1f8issny9crj20k00k0gnh.jpg",
        "datetime": "2017-09-09T09:39:19.230Z",
        "itemprop": "datePublished",
        "date": "2017-09-09",
        "title": "Hello World"
    },
    {
        "url": "http://172.17.4.147/wechat_chaosuan/articleShow.php?time=1476164959",
        "bgimage": "http://ww4.sinaimg.cn/mw690/ac593e95gw1f8issny9crj20k00k0gnh.jpg",
        "datetime": "2017-09-09T09:39:19.230Z",
        "itemprop": "datePublished",
        "date": "2017-09-09",
        "title": "Hello World"
    }
]